45C0510;C0510;5;Torre C
45C0511;C0511;5;Torre C
45C0512;C0512;5;Torre C
45C0601;C0601;6;Torre C
45C0602;C0602;6;Torre C
45C0701;C0701;7;Torre C
45C0702;C0702;7;Torre C
45C0703;C0703;7;Torre C
45C0704;C0704;7;Torre C
45C0705;C0705;7;Torre C
45C0706;C0706;7;Torre C
45C0707;C0707;7;Torre C
45C0708;C0708;7;Torre C
45C0709;C0709;7;Torre C
45C0710;C0710;7;Torre C
45C0711;C0711;7;Torre C
45C0712;C0712;7;Torre C
45C0801;C0801;8;Torre C
45C0802;C0802;8;Torre C
45C0803;C0803;8;Torre C
45A0301;A0301;3;Torre A
45A0302;A0302;3;Torre A
45A0303;A0303;3;Torre A
45A0304;A0304;3;Torre A
45A0305;A0305;3;Torre A
45A0306;A0306;3;Torre A
45A0401;A0401;4;Torre A
45A0402;A0402;4;Torre A
45A0403;A0403;4;Torre A
45A0404;A0404;4;Torre A
45A0405;A0405;4;Torre A
45A0406;A0406;4;Torre A
45B0404;B0404;4;Torre B
45B0407;B0407;4;Torre B
45B0408;B0408;4;Torre B
45B0409;B0409;4;Torre B
45A0501;A0501;5;Torre A
45A0502;A0502;5;Torre A
45A0503;A0503;5;Torre A
45A0504;A0504;5;Torre A
45A0505;A0505;5;Torre A
45A0506;A0506;5;Torre A
45B0503;B0503;5;Torre B
45B0504;B0504;5;Torre B
45A0601;A0601;6;Torre A
45A0602;A0602;6;Torre A
45A0603;A0603;6;Torre A
45A0604;A0604;6;Torre A
45A0605;A0605;6;Torre A
45A0606;A0606;6;Torre A
45B0601;B0601;6;Torre B
45B0602;B0602;6;Torre B
45B0603;B0603;6;Torre B
45B0604;B0604;6;Torre B
45B0605;B0605;6;Torre B
45B0606;B0606;6;Torre B
45B0607;B0607;6;Torre B
45B0609;B0609;6;Torre B
45A0701;A0701;7;Torre A
45A0702;A0702;7;Torre A
45A0703;A0703;7;Torre A
45A0704;A0704;7;Torre A
45A0705;A0705;7;Torre A
45A0706;A0706;7;Torre A
45B0705;B0705;7;Torre B
45B0706;B0706;7;Torre B
45B0707;B0707;7;Torre B
45B0708;B0708;7;Torre B
45B0709;B0709;7;Torre B
45B0710;B0710;7;Torre B
45B0802;B0802;8;Torre B
45B0803;B0803;8;Torre B
45B0804;B0804;8;Torre B
45B0806;B0806;8;Torre B
45B0807;B0807;8;Torre B
45B0808;B0808;8;Torre B
45B0809;B0809;8;Torre B
45B0810;B0810;8;Torre B
45B0811;B0811;8;Torre B
45B0901;B0901;9;Torre B
45B0902;B0902;9;Torre B
45B0903;B0903;9;Torre B
45B0904;B0904;9;Torre B
45B0905;B0905;9;Torre B
45B1001;B1001;10;Torre B
45B1002;B1002;10;Torre B
45B1003;B1003;10;Torre B
45B1004;B1004;10;Torre B
45B1005;B1005;10;Torre B
45C0804;C0804;8;Torre C
45C0805;C0805;8;Torre C
45C0806;C0806;8;Torre C
45C0807;C0807;8;Torre C
45C0808;C0808;8;Torre C
45C0809;C0809;8;Torre C
45C0810;C0810;8;Torre C
45C0811;C0811;8;Torre C
45C0812;C0812;8;Torre C
45C0901;C0901;9;Torre C
45C0902;C0902;9;Torre C
45C0903;C0903;9;Torre C
45C0904;C0904;9;Torre C
45C0905;C0905;9;Torre C
45C0906;C0906;9;Torre C
45C0907;C0907;9;Torre C